CPUID,CPU Time
CPU #0,133.02194
CPU #1,238.86862
CPU #2,236.49805
CPU #3,242.01422
