CPUID,CPU Time
CPU #0,112.09752
CPU #1,112.9449
CPU #2,114.93334
CPU #3,121.27407
