CPUID,CPU Time
CPU #0,49.085438
CPU #1,50.50988
CPU #2,50.096603
CPU #3,50.05784
