CPUID,CPU Time
CPU #0,24.063135
CPU #1,23.470968
CPU #2,21.838768
CPU #3,21.642368
